{"cameraMode":{"drawMode":0,"name":"Shaded","section":"Shading Mode"},"sceneLighting":false,"audioPlay":false,"sceneViewState":{"showFog":false,"showMaterialUpdate":false,"showSkybox":false,"showFlares":false,"showImageEffects":false,"showParticleSystems":false},"in2DMode":false,"pivot":{"x":5.8831939697265629,"y":9.972551345825196,"z":-16.616621017456056},"rotation":{"x":0.19988302886486054,"y":-0.4212567210197449,"z":0.09579521417617798,"w":0.879478931427002},"size":47.85459899902344,"orthographic":false}